工号,姓名,性别,手机号码
20200311,你好世界,女,15348625890
20200312,一边玩去,男,15348625891
20200313,睡个觉去,女,15348625892
20200314,打球去了,男,15348625893
20200315,看书去了,女,15348625894
20200317,学习去了,男,15348625896
20200318,游戏去了,未知,15348625897
20200319,威1,未知,15348625898
20200320,威2,未知,15348625899
20200321,威3,未知,15348625900
20200322,威4,未知,15348625901
20200323,威5,未知,15348625902
20200324,威6,未知,15348625903
20200325,威7,未知,15348625904
20200326,威8,未知,15348625905
20200327,威9,未知,15348625906
20200328,威10,未知,15348625907
20200329,威11,未知,15348625908
20200330,威12,未知,15348625909
20200331,威13,未知,15348625910
20200332,威14,未知,15348625911
20200333,威15,未知,15348625912
20200334,威16,未知,15348625913
20200335,威17,未知,15348625914
20200336,威18,未知,15348625915
20200337,威19,未知,15348625916
20200338,威20,未知,15348625917
20200339,威21,未知,15348625918
20200340,威22,未知,15348625919
20200341,威23,未知,15348625920
20200342,威24,未知,15348625921
20200343,威25,未知,15348625922
20200344,威26,未知,15348625923
20200345,威27,未知,15348625924
20200346,威28,未知,15348625925
20200347,威29,未知,15348625926
20200348,威30,未知,15348625927
20200349,威31,未知,15348625928
20200350,威32,未知,15348625929
20200351,威33,未知,15348625930
20200352,威34,未知,15348625931
20200353,威35,未知,15348625932
20200354,威36,未知,15348625933
20200355,威37,未知,15348625934
20200356,威38,未知,15348625935
20200357,威39,未知,15348625936
20200358,威40,未知,15348625937
20200359,威41,未知,15348625938
20200360,威42,未知,15348625939
20200361,威43,未知,15348625940
20200362,威44,未知,15348625941
20200363,威45,未知,15348625942
20200364,威46,未知,15348625943
20200365,威47,未知,15348625944
20200366,威48,未知,15348625945
20200367,威49,未知,15348625946
20200368,威50,未知,15348625947
20200369,威51,未知,15348625948
20200370,威52,未知,15348625949
20200371,威53,未知,15348625950
20200372,威54,未知,15348625951
20200373,威55,未知,15348625952
20200374,威56,未知,15348625953
20200375,威57,未知,15348625954
20200376,威58,未知,15348625955
20200377,威59,未知,15348625956
20200378,威60,未知,15348625957
20200379,威61,未知,15348625958
20200380,威62,未知,15348625959
20200381,威63,未知,15348625960
20200382,威64,未知,15348625961
20200383,威65,未知,15348625962
20200384,威66,未知,15348625963
20200385,威67,未知,15348625964
20200386,威68,未知,15348625965
20200387,威69,未知,15348625966
20200388,威70,未知,15348625967
